/film/special_film_performance_type/film_performance_type./film/performance/film_reverse	0
/location/statistical_region/rent50_2./measurement_unit/dated_money_value/currency	1
/music/performance_role/regular_performances./music/group_membership/role_reverse	2
/award/award_category/winners./award/award_honor/award_winner_reverse	3
/award/award_nominated_work/award_nominations./award/award_nomination/nominated_for	4
/base/eating/practicer_of_diet/diet	5
/organization/organization/headquarters./location/mailing_address/citytown	6
/location/hud_foreclosure_area/estimated_number_of_mortgages./measurement_unit/dated_integer/source	7
/military/military_conflict/combatants./military/military_combatant_group/combatants_reverse	8
/people/person/gender_reverse	9
/film/film/film_festivals	10
/organization/organization/headquarters./location/mailing_address/state_province_region	11
/user/tsegaran/random/taxonomy_subject/entry./user/tsegaran/random/taxonomy_entry/taxonomy_reverse	12
/location/location/contains	13
/olympics/olympic_sport/athletes./olympics/olympic_athlete_affiliation/olympics	14
/ice_hockey/hockey_team/current_roster./sports/sports_team_roster/position_reverse	15
/film/film/release_date_s./film/film_regional_release_date/film_release_distribution_medium	16
/base/popstra/celebrity/breakup./base/popstra/breakup/participant_reverse	17
/government/legislative_session/members./government/government_position_held/district_represented_reverse	18
/music/group_member/membership./music/group_membership/group_reverse	19
/location/administrative_division/country	20
/base/popstra/celebrity/canoodled./base/popstra/canoodled/participant	21
/base/popstra/celebrity/dated./base/popstra/dated/participant_reverse	22
/sports/sports_team_location/teams_reverse	23
/olympics/olympic_participating_country/medals_won./olympics/olympic_medal_honor/medal	24
/base/popstra/celebrity/canoodled./base/popstra/canoodled/participant_reverse	25
/music/group_member/membership./music/group_membership/group	26
/award/award_nominee/award_nominations./award/award_nomination/award_nominee	27
/base/aareas/schema/administrative_area/administrative_parent	28
/olympics/olympic_sport/athletes./olympics/olympic_athlete_affiliation/country	29
/organization/organization/child./organization/organization_relationship/child	30
/film/film/featured_film_locations_reverse	31
/language/human_language/countries_spoken_in_reverse	32
/film/actor/film./film/performance/special_performance_type	33
/award/award_winning_work/awards_won./award/award_honor/award_winner	34
/film/film/film_art_direction_by	35
/sports/sport/pro_athletes./sports/pro_sports_played/athlete	36
/people/person/religion	37
/organization/organization/place_founded_reverse	38
/education/educational_institution/colors	39
/location/statistical_region/gni_per_capita_in_ppp_dollars./measurement_unit/dated_money_value/currency	40
/government/political_party/politicians_in_this_party./government/political_party_tenure/politician_reverse	41
/sports/sports_position/players./sports/sports_team_roster/team	42
/people/ethnicity/languages_spoken_reverse	43
/film/film/personal_appearances./film/personal_film_appearance/person	44
/business/business_operation/industry	45
/tv/tv_producer/programs_produced./tv/tv_producer_term/producer_type	46
/business/business_operation/industry_reverse	47
/base/culturalevent/event/entity_involved	48
/soccer/football_player/current_team./sports/sports_team_roster/team_reverse	49
/olympics/olympic_games/medals_awarded./olympics/olympic_medal_honor/medal_reverse	50
/base/aareas/schema/administrative_area/administrative_area_type	51
/music/instrument/family	52
/people/cause_of_death/people_reverse	53
/medicine/disease/notable_people_with_this_condition	54
/organization/organization_founder/organizations_founded	55
/business/business_operation/operating_income./measurement_unit/dated_money_value/currency	56
/location/location/contains_reverse	57
/location/statistical_region/gni_per_capita_in_ppp_dollars./measurement_unit/dated_money_value/currency_reverse	58
/education/educational_institution/students_graduates./education/education/student	59
/film/film/cinematography_reverse	60
/organization/non_profit_organization/registered_with./organization/non_profit_registration/registering_agency	61
/sports/sports_position/players./american_football/football_historical_roster_position/position_s_reverse	62
/base/biblioness/bibs_location/country_reverse	63
/location/statistical_region/gdp_nominal./measurement_unit/dated_money_value/currency_reverse	64
/user/jg/default_domain/olympic_games/sports_reverse	65
/user/ktrueman/default_domain/international_organization/member_states_reverse	66
/award/award_winning_work/awards_won./award/award_honor/honored_for_reverse	67
/film/actor/film./film/performance/film	68
/film/film/release_date_s./film/film_regional_release_date/film_regional_debut_venue	69
/people/ethnicity/people_reverse	70
/award/award_category/winners./award/award_honor/ceremony_reverse	71
/organization/organization/headquarters./location/mailing_address/state_province_region_reverse	72
/film/film/distributors./film/film_film_distributor_relationship/region	73
/film/film/language_reverse	74
/base/x2010fifaworldcupsouthafrica/world_cup_squad/current_world_cup_squad./base/x2010fifaworldcupsouthafrica/current_world_cup_squad/current_club_reverse	75
/education/educational_institution/campuses	76
/award/award_category/category_of	77
/education/university/international_tuition./measurement_unit/dated_money_value/currency	78
/base/saturdaynightlive/snl_cast_member/seasons./base/saturdaynightlive/snl_season_tenure/cast_members_reverse	79
/education/educational_institution/school_type	80
/award/award_winning_work/awards_won./award/award_honor/award_reverse	81
/time/event/instance_of_recurring_event	82
/music/performance_role/track_performances./music/track_contribution/role	83
/location/administrative_division/first_level_division_of	84
/influence/influence_node/influenced_by_reverse	85
/people/ethnicity/people	86
/base/aareas/schema/administrative_area/capital	87
/music/instrument/family_reverse	88
/award/award_nominee/award_nominations./award/award_nomination/award_reverse	89
/music/performance_role/guest_performances./music/recording_contribution/performance_role	90
/film/film/costume_design_by_reverse	91
/olympics/olympic_games/participating_countries	92
/sports/pro_athlete/teams./sports/sports_team_roster/team	93
/location/hud_county_place/county_reverse	94
/people/person/profession	95
/business/job_title/people_with_this_title./business/employment_tenure/company_reverse	96
/education/university/domestic_tuition./measurement_unit/dated_money_value/currency_reverse	97
/film/film/language	98
/sports/sports_team/sport_reverse	99
/base/culturalevent/event/entity_involved_reverse	100
/music/artist/origin	101
/organization/organization/headquarters./location/mailing_address/citytown_reverse	102
/people/marriage_union_type/unions_of_this_type./people/marriage/location_of_ceremony_reverse	103
/government/politician/government_positions_held./government/government_position_held/legislative_sessions	104
/sports/sports_position/players./sports/sports_team_roster/position_reverse	105
/sports/sports_team_location/teams	106
/people/deceased_person/place_of_death	107
/location/hud_county_place/place	108
/award/award_nominee/award_nominations./award/award_nomination/nominated_for_reverse	109
/film/film/distributors./film/film_film_distributor_relationship/region_reverse	110
/music/genre/artists_reverse	111
/base/eating/practicer_of_diet/diet_reverse	112
/music/performance_role/guest_performances./music/recording_contribution/performance_role_reverse	113
/film/film/dubbing_performances./film/dubbing_performance/actor	114
/base/schemastaging/person_extra/net_worth./measurement_unit/dated_money_value/currency	115
/people/person/languages	116
/award/ranked_item/appears_in_ranked_lists./award/ranking/list_reverse	117
/tv/tv_program/regular_cast./tv/regular_tv_appearance/actor_reverse	118
/award/award_winner/awards_won./award/award_honor/award_winner_reverse	119
/film/film/film_production_design_by	120
/film/film/story_by	121
/olympics/olympic_games/participating_countries_reverse	122
/sports/sports_team/roster./american_football/football_roster_position/position_reverse	123
/film/person_or_entity_appearing_in_film/films./film/personal_film_appearance/type_of_appearance_reverse	124
/base/marchmadness/ncaa_basketball_tournament/seeds./base/marchmadness/ncaa_tournament_seed/team_reverse	125
/sports/sports_team/roster./american_football/football_roster_position/position	126
/location/capital_of_administrative_division/capital_of./location/administrative_division_capital_relationship/administrative_division	127
/award/award_category/disciplines_or_subjects_reverse	128
/location/statistical_region/rent50_2./measurement_unit/dated_money_value/currency_reverse	129
/film/film_subject/films_reverse	130
/award/award_category/disciplines_or_subjects	131
/people/person/spouse_s./people/marriage/type_of_union	132
/organization/endowed_organization/endowment./measurement_unit/dated_money_value/currency_reverse	133
/olympics/olympic_games/sports	134
/award/ranked_item/appears_in_ranked_lists./award/ranking/list	135
/organization/organization/headquarters./location/mailing_address/country	136
/people/deceased_person/place_of_burial	137
/people/person/languages_reverse	138
/location/statistical_region/gdp_nominal_per_capita./measurement_unit/dated_money_value/currency	139
/people/person/places_lived./people/place_lived/location	140
/business/business_operation/assets./measurement_unit/dated_money_value/currency	141
/film/film/release_date_s./film/film_regional_release_date/film_release_distribution_medium_reverse	142
/base/locations/continents/countries_within_reverse	143
/medicine/symptom/symptom_of_reverse	144
/education/educational_degree/people_with_this_degree./education/education/student_reverse	145
/media_common/netflix_genre/titles	146
/people/person/place_of_birth	147
/film/film/release_date_s./film/film_regional_release_date/film_regional_debut_venue_reverse	148
/base/biblioness/bibs_location/state	149
/location/statistical_region/gdp_nominal./measurement_unit/dated_money_value/currency	150
/award/award_ceremony/awards_presented./award/award_honor/honored_for	151
/music/artist/contribution./music/recording_contribution/performance_role	152
/baseball/baseball_team/team_stats./baseball/baseball_team_stats/season	153
/government/politician/government_positions_held./government/government_position_held/basic_title_reverse	154
/base/schemastaging/organization_extra/phone_number./base/schemastaging/phone_sandbox/service_language	155
/film/film/film_art_direction_by_reverse	156
/olympics/olympic_participating_country/medals_won./olympics/olympic_medal_honor/olympics_reverse	157
/tv/tv_program/genre_reverse	158
/film/actor/film./film/performance/special_performance_type_reverse	159
/film/director/film_reverse	160
/film/film/production_companies	161
/dataworld/gardening_hint/split_to	162
/film/film/country	163
/sports/pro_athlete/teams./sports/sports_team_roster/team_reverse	164
/sports/sports_team/colors	165
/travel/travel_destination/how_to_get_here./travel/transportation/mode_of_transportation_reverse	166
/education/educational_institution/colors_reverse	167
/location/statistical_region/gdp_real./measurement_unit/adjusted_money_value/adjustment_currency_reverse	168
/soccer/football_team/current_roster./sports/sports_team_roster/position	169
/music/artist/track_contributions./music/track_contribution/role_reverse	170
/film/film/estimated_budget./measurement_unit/dated_money_value/currency_reverse	171
/music/genre/parent_genre	172
/baseball/baseball_team/team_stats./baseball/baseball_team_stats/season_reverse	173
/business/business_operation/revenue./measurement_unit/dated_money_value/currency_reverse	174
/award/award_winning_work/awards_won./award/award_honor/honored_for	175
/sports/sports_league_draft/picks./sports/sports_league_draft_pick/school_reverse	176
/film/film_set_designer/film_sets_designed_reverse	177
/film/film/country_reverse	178
/user/alexander/philosophy/philosopher/interests_reverse	179
/sports/sports_position/players./sports/sports_team_roster/position	180
/language/human_language/countries_spoken_in	181
/award/award_ceremony/awards_presented./award/award_honor/honored_for_reverse	182
/film/film/edited_by	183
/people/ethnicity/geographic_distribution	184
/film/film/film_production_design_by_reverse	185
/influence/influence_node/peers./influence/peer_relationship/peers_reverse	186
/tv/tv_producer/programs_produced./tv/tv_producer_term/program	187
/olympics/olympic_participating_country/athletes./olympics/olympic_athlete_affiliation/olympics_reverse	188
/base/biblioness/bibs_location/country	189
/people/person/spouse_s./people/marriage/type_of_union_reverse	190
/sports/sports_position/players./sports/sports_team_roster/team_reverse	191
/sports/sports_league/teams./sports/sports_league_participation/team_reverse	192
/education/field_of_study/students_majoring./education/education/student	193
/soccer/football_team/current_roster./soccer/football_roster_position/position_reverse	194
/travel/travel_destination/climate./travel/travel_destination_monthly_climate/month	195
/award/award_winning_work/awards_won./award/award_honor/award_winner_reverse	196
/time/event/locations_reverse	197
/government/legislative_session/members./government/government_position_held/district_represented	198
/people/person/religion_reverse	199
/tv/tv_program/tv_producer./tv/tv_producer_term/producer_type_reverse	200
/award/award_category/category_of_reverse	201
/location/location/adjoin_s./location/adjoining_relationship/adjoins	202
/soccer/football_team/current_roster./sports/sports_team_roster/position_reverse	203
/olympics/olympic_games/sports_reverse	204
/location/location/time_zones_reverse	205
/government/political_party/politicians_in_this_party./government/political_party_tenure/politician	206
/film/film/executive_produced_by	207
/people/person/nationality	208
/travel/travel_destination/how_to_get_here./travel/transportation/mode_of_transportation	209
/base/popstra/celebrity/friendship./base/popstra/friendship/participant	210
/base/schemastaging/organization_extra/phone_number./base/schemastaging/phone_sandbox/contact_category_reverse	211
/music/performance_role/regular_performances./music/group_membership/group_reverse	212
/base/aareas/schema/administrative_area/administrative_area_type_reverse	213
/location/statistical_region/places_exported_to./location/imports_and_exports/exported_to_reverse	214
/film/film/written_by	215
/location/us_county/county_seat_reverse	216
/people/ethnicity/geographic_distribution_reverse	217
/award/award_category/winners./award/award_honor/ceremony	218
/base/biblioness/bibs_location/state_reverse	219
/education/educational_degree/people_with_this_degree./education/education/institution_reverse	220
/government/politician/government_positions_held./government/government_position_held/basic_title	221
/tv/tv_program/country_of_origin_reverse	222
/film/film/release_date_s./film/film_regional_release_date/film_release_region	223
/olympics/olympic_participating_country/athletes./olympics/olympic_athlete_affiliation/olympics	224
/film/actor/dubbing_performances./film/dubbing_performance/language	225
/music/group_member/membership./music/group_membership/role	226
/tv/tv_program/regular_cast./tv/regular_tv_appearance/actor	227
/tv/tv_network/programs./tv/tv_network_duration/program_reverse	228
/base/localfood/seasonal_month/produce_available./base/localfood/produce_availability/seasonal_months	229
/location/administrative_division/first_level_division_of_reverse	230
/sports/sports_league/teams./sports/sports_league_participation/team	231
/tv/tv_program/country_of_origin	232
/location/location/partially_contains_reverse	233
/base/popstra/celebrity/breakup./base/popstra/breakup/participant	234
/film/film_subject/films	235
/base/popstra/celebrity/friendship./base/popstra/friendship/participant_reverse	236
/location/country/form_of_government	237
/soccer/football_team/current_roster./soccer/football_roster_position/position	238
/sports/professional_sports_team/draft_picks./sports/sports_league_draft_pick/draft_reverse	239
/people/person/sibling_s./people/sibling_relationship/sibling_reverse	240
/award/award_winner/awards_won./award/award_honor/award_winner	241
/award/award_category/nominees./award/award_nomination/nominated_for_reverse	242
/award/award_nominee/award_nominations./award/award_nomination/award	243
/music/performance_role/track_performances./music/track_contribution/role_reverse	244
/film/film/other_crew./film/film_crew_gig/film_crew_role	245
/tv/non_character_role/tv_regular_personal_appearances./tv/tv_regular_personal_appearance/person	246
/film/director/film	247
/film/film/music	248
/base/petbreeds/city_with_dogs/top_breeds./base/petbreeds/dog_city_relationship/dog_breed	249
/base/americancomedy/celebrity_impressionist/celebrities_impersonated	250
/organization/endowed_organization/endowment./measurement_unit/dated_money_value/currency	251
/tv/tv_producer/programs_produced./tv/tv_producer_term/producer_type_reverse	252
/celebrities/celebrity/sexual_relationships./celebrities/romantic_relationship/celebrity	253
/organization/non_profit_organization/registered_with./organization/non_profit_registration/registering_agency_reverse	254
/food/food/nutrients./food/nutrition_fact/nutrient_reverse	255
/sports/sports_team/roster./baseball/baseball_roster_position/position	256
/sports/professional_sports_team/draft_picks./sports/sports_league_draft_pick/school_reverse	257
/organization/organization/headquarters./location/mailing_address/country_reverse	258
/sports/sports_team/roster./basketball/basketball_roster_position/position_reverse	259
/government/politician/government_positions_held./government/government_position_held/legislative_sessions_reverse	260
/film/film/genre	261
/film/film/estimated_budget./measurement_unit/dated_money_value/currency	262
/tv/tv_personality/tv_regular_appearances./tv/tv_regular_personal_appearance/program_reverse	263
/tv/tv_program/program_creator	264
/education/university/domestic_tuition./measurement_unit/dated_money_value/currency	265
/base/schemastaging/organization_extra/phone_number./base/schemastaging/phone_sandbox/service_location_reverse	266
/military/military_combatant/military_conflicts./military/military_combatant_group/combatants_reverse	267
/business/business_operation/assets./measurement_unit/dated_money_value/currency_reverse	268
/medicine/symptom/symptom_of	269
/music/genre/parent_genre_reverse	270
/location/location/partially_contains	271
/base/popstra/celebrity/dated./base/popstra/dated/participant	272
/education/university/local_tuition./measurement_unit/dated_money_value/currency	273
/location/hud_county_place/place_reverse	274
/influence/influence_node/peers./influence/peer_relationship/peers	275
/film/film_distributor/films_distributed./film/film_film_distributor_relationship/film_reverse	276
/business/business_operation/operating_income./measurement_unit/dated_money_value/currency_reverse	277
/education/educational_degree/people_with_this_degree./education/education/major_field_of_study	278
/tv/tv_producer/programs_produced./tv/tv_producer_term/program_reverse	279
/government/government_office_category/officeholders./government/government_position_held/jurisdiction_of_office_reverse	280
/film/film/runtime./film/film_cut/film_release_region	281
/organization/role/leaders./organization/leadership/organization_reverse	282
/soccer/football_player/current_team./sports/sports_team_roster/team	283
/film/film/costume_design_by	284
/location/hud_county_place/county	285
/user/ktrueman/default_domain/international_organization/member_states	286
/film/film/other_crew./film/film_crew_gig/crewmember_reverse	287
/people/cause_of_death/people	288
/olympics/olympic_sport/athletes./olympics/olympic_athlete_affiliation/country_reverse	289
/people/person/nationality_reverse	290
/music/artist/origin_reverse	291
/sports/professional_sports_team/draft_picks./sports/sports_league_draft_pick/school	292
/time/event/instance_of_recurring_event_reverse	293
/film/film_set_designer/film_sets_designed	294
/common/topic/webpage./common/webpage/category_reverse	295
/common/topic/webpage./common/webpage/category	296
/education/educational_institution/students_graduates./education/education/major_field_of_study	297
/music/artist/contribution./music/recording_contribution/performance_role_reverse	298
/film/film/film_festivals_reverse	299
/sports/sports_league_draft/picks./sports/sports_league_draft_pick/school	300
/location/country/form_of_government_reverse	301
/film/film/genre_reverse	302
/award/award_nominated_work/award_nominations./award/award_nomination/nominated_for_reverse	303
/education/educational_institution/students_graduates./education/education/student_reverse	304
/celebrities/celebrity/celebrity_friends./celebrities/friendship/friend	305
/film/film/featured_film_locations	306
/film/film/production_companies_reverse	307
/base/schemastaging/organization_extra/phone_number./base/schemastaging/phone_sandbox/contact_category	308
/location/capital_of_administrative_division/capital_of./location/administrative_division_capital_relationship/administrative_division_reverse	309
/sports/sports_team/roster./basketball/basketball_roster_position/position	310
/music/instrument/instrumentalists	311
/tv/non_character_role/tv_regular_personal_appearances./tv/tv_regular_personal_appearance/person_reverse	312
/organization/organization_member/member_of./organization/organization_membership/organization	313
/location/us_county/county_seat	314
/location/location/time_zones	315
/award/hall_of_fame/inductees./award/hall_of_fame_induction/inductee	316
/base/aareas/schema/administrative_area/administrative_parent_reverse	317
/people/person/spouse_s./people/marriage/spouse	318
/film/film/produced_by_reverse	319
/education/field_of_study/students_majoring./education/education/student_reverse	320
/tv/tv_personality/tv_regular_appearances./tv/tv_regular_personal_appearance/program	321
/base/schemastaging/organization_extra/phone_number./base/schemastaging/phone_sandbox/service_location	322
/film/film/distributors./film/film_film_distributor_relationship/film_distribution_medium	323
/tv/tv_program/languages	324
/sports/sports_team/colors_reverse	325
/film/film/cinematography	326
/film/person_or_entity_appearing_in_film/films./film/personal_film_appearance/type_of_appearance	327
/organization/organization_member/member_of./organization/organization_membership/organization_reverse	328
/people/person/spouse_s./people/marriage/location_of_ceremony	329
/tv/tv_program/tv_producer./tv/tv_producer_term/producer_type	330
/award/award_category/nominees./award/award_nomination/nominated_for	331
/film/film/runtime./film/film_cut/film_release_region_reverse	332
/music/record_label/artist_reverse	333
/film/film/prequel_reverse	334
/food/food/nutrients./food/nutrition_fact/nutrient	335
/location/country/second_level_divisions	336
/location/hud_foreclosure_area/estimated_number_of_mortgages./measurement_unit/dated_integer/source_reverse	337
/sports/sports_position/players./american_football/football_historical_roster_position/position_s	338
/education/educational_degree/people_with_this_degree./education/education/institution	339
/people/person/gender	340
/music/instrument/instrumentalists_reverse	341
/sports/professional_sports_team/draft_picks./sports/sports_league_draft_pick/draft	342
/base/petbreeds/city_with_dogs/top_breeds./base/petbreeds/dog_city_relationship/dog_breed_reverse	343
/film/film/prequel	344
/film/actor/dubbing_performances./film/dubbing_performance/language_reverse	345
/location/statistical_region/gdp_real./measurement_unit/adjusted_money_value/adjustment_currency	346
/base/saturdaynightlive/snl_cast_member/seasons./base/saturdaynightlive/snl_season_tenure/cast_members	347
/music/genre/artists	348
/film/special_film_performance_type/film_performance_type./film/performance/film	349
/film/actor/film./film/performance/film_reverse	350
/film/film/release_date_s./film/film_regional_release_date/film_release_region_reverse	351
/user/alexander/philosophy/philosopher/interests	352
/military/military_conflict/combatants./military/military_combatant_group/combatants	353
/business/job_title/people_with_this_title./business/employment_tenure/company	354
/base/schemastaging/organization_extra/phone_number./base/schemastaging/phone_sandbox/service_language_reverse	355
/people/ethnicity/languages_spoken	356
/people/deceased_person/place_of_burial_reverse	357
/base/aareas/schema/administrative_area/capital_reverse	358
/people/person/place_of_birth_reverse	359
/award/award_category/winners./award/award_honor/award_winner	360
/location/statistical_region/gdp_nominal_per_capita./measurement_unit/dated_money_value/currency_reverse	361
/location/statistical_region/places_exported_to./location/imports_and_exports/exported_to	362
/base/americancomedy/celebrity_impressionist/celebrities_impersonated_reverse	363
/education/educational_institution_campus/educational_institution_reverse	364
/base/marchmadness/ncaa_basketball_tournament/seeds./base/marchmadness/ncaa_tournament_seed/team	365
/film/film/other_crew./film/film_crew_gig/film_crew_role_reverse	366
/government/politician/government_positions_held./government/government_position_held/jurisdiction_of_office_reverse	367
/film/film/personal_appearances./film/personal_film_appearance/person_reverse	368
/film/film/story_by_reverse	369
/people/person/employment_history./business/employment_tenure/company	370
/government/politician/government_positions_held./government/government_position_held/jurisdiction_of_office	371
/tv/tv_network/programs./tv/tv_network_duration/program	372
/medicine/disease/notable_people_with_this_condition_reverse	373
/sports/sports_team/roster./american_football/football_historical_roster_position/position_s_reverse	374
/education/university/fraternities_and_sororities	375
/broadcast/content/artist	376
/award/award_ceremony/awards_presented./award/award_honor/award_winner	377
/organization/organization/child./organization/organization_relationship/child_reverse	378
/award/award_nominee/award_nominations./award/award_nomination/award_nominee_reverse	379
/base/localfood/seasonal_month/produce_available./base/localfood/produce_availability/seasonal_months_reverse	380
/education/educational_degree/people_with_this_degree./education/education/major_field_of_study_reverse	381
/influence/influence_node/influenced_by	382
/education/field_of_study/students_majoring./education/education/major_field_of_study_reverse	383
/dataworld/gardening_hint/split_to_reverse	384
/olympics/olympic_participating_country/medals_won./olympics/olympic_medal_honor/olympics	385
/base/popstra/location/vacationers./base/popstra/vacation_choice/vacationer	386
/music/performance_role/regular_performances./music/group_membership/role	387
/tv/tv_program/languages_reverse	388
/american_football/football_team/current_roster./sports/sports_team_roster/position_reverse	389
/people/person/sibling_s./people/sibling_relationship/sibling	390
/olympics/olympic_sport/athletes./olympics/olympic_athlete_affiliation/olympics_reverse	391
/location/administrative_division/country_reverse	392
/film/film/film_format_reverse	393
/award/award_nominee/award_nominations./award/award_nomination/nominated_for	394
/location/location/adjoin_s./location/adjoining_relationship/adjoins_reverse	395
/education/university/fraternities_and_sororities_reverse	396
/people/person/spouse_s./people/marriage/location_of_ceremony_reverse	397
/award/award_ceremony/awards_presented./award/award_honor/award_winner_reverse	398
/education/university/international_tuition./measurement_unit/dated_money_value/currency_reverse	399
/award/hall_of_fame/inductees./award/hall_of_fame_induction/inductee_reverse	400
/education/educational_institution/campuses_reverse	401
/medicine/disease/risk_factors	402
/music/performance_role/regular_performances./music/group_membership/group	403
/sports/sport/pro_athletes./sports/pro_sports_played/athlete_reverse	404
/organization/organization_founder/organizations_founded_reverse	405
/tv/tv_writer/tv_programs./tv/tv_program_writer_relationship/tv_program	406
/people/person/employment_history./business/employment_tenure/company_reverse	407
/people/marriage_union_type/unions_of_this_type./people/marriage/location_of_ceremony	408
/location/statistical_region/religions./location/religion_percentage/religion_reverse	409
/user/tsegaran/random/taxonomy_subject/entry./user/tsegaran/random/taxonomy_entry/taxonomy	410
/medicine/disease/risk_factors_reverse	411
/location/statistical_region/religions./location/religion_percentage/religion	412
/film/film/other_crew./film/film_crew_gig/crewmember	413
/education/educational_institution_campus/educational_institution	414
/education/educational_degree/people_with_this_degree./education/education/student	415
/location/country/official_language	416
/media_common/netflix_genre/titles_reverse	417
/film/film/edited_by_reverse	418
/base/popstra/location/vacationers./base/popstra/vacation_choice/vacationer_reverse	419
/location/country/second_level_divisions_reverse	420
/organization/role/leaders./organization/leadership/organization	421
/music/group_member/membership./music/group_membership/role_reverse	422
/american_football/football_team/current_roster./sports/sports_team_roster/position	423
/user/jg/default_domain/olympic_games/sports	424
/travel/travel_destination/climate./travel/travel_destination_monthly_climate/month_reverse	425
/film/film/film_format	426
/tv/tv_writer/tv_programs./tv/tv_program_writer_relationship/tv_program_reverse	427
/government/governmental_body/members./government/government_position_held/legislative_sessions_reverse	428
/base/schemastaging/person_extra/net_worth./measurement_unit/dated_money_value/currency_reverse	429
/base/locations/continents/countries_within	430
/people/person/places_lived./people/place_lived/location_reverse	431
/film/film_distributor/films_distributed./film/film_film_distributor_relationship/film	432
/location/country/capital_reverse	433
/celebrities/celebrity/sexual_relationships./celebrities/romantic_relationship/celebrity_reverse	434
/film/film/produced_by	435
/sports/sports_team/sport	436
/tv/tv_program/genre	437
/music/record_label/artist	438
/broadcast/content/artist_reverse	439
/award/award_winning_work/awards_won./award/award_honor/award	440
/sports/sports_team/roster./baseball/baseball_roster_position/position_reverse	441
/government/legislative_session/members./government/government_position_held/legislative_sessions_reverse	442
/base/x2010fifaworldcupsouthafrica/world_cup_squad/current_world_cup_squad./base/x2010fifaworldcupsouthafrica/current_world_cup_squad/current_club	443
/location/country/official_language_reverse	444
/people/person/profession_reverse	445
/people/deceased_person/place_of_death_reverse	446
/people/profession/specialization_of	447
/celebrities/celebrity/celebrity_friends./celebrities/friendship/friend_reverse	448
/olympics/olympic_participating_country/medals_won./olympics/olympic_medal_honor/medal_reverse	449
/education/field_of_study/students_majoring./education/education/major_field_of_study	450
/people/person/spouse_s./people/marriage/spouse_reverse	451
/olympics/olympic_games/medals_awarded./olympics/olympic_medal_honor/medal	452
/ice_hockey/hockey_team/current_roster./sports/sports_team_roster/position	453
/film/film/written_by_reverse	454
/organization/organization/place_founded	455
/film/film/music_reverse	456
/film/film/executive_produced_by_reverse	457
/business/business_operation/revenue./measurement_unit/dated_money_value/currency	458
/time/event/locations	459
/government/legislative_session/members./government/government_position_held/legislative_sessions	460
/location/country/capital	461
/government/governmental_body/members./government/government_position_held/legislative_sessions	462
/sports/sports_team/roster./american_football/football_historical_roster_position/position_s	463
/education/university/local_tuition./measurement_unit/dated_money_value/currency_reverse	464
/film/film/distributors./film/film_film_distributor_relationship/film_distribution_medium_reverse	465
/education/educational_institution/school_type_reverse	466
/military/military_combatant/military_conflicts./military/military_combatant_group/combatants	467
/music/artist/track_contributions./music/track_contribution/role	468
/tv/tv_program/program_creator_reverse	469
/people/profession/specialization_of_reverse	470
/film/film/dubbing_performances./film/dubbing_performance/actor_reverse	471
/education/educational_institution/students_graduates./education/education/major_field_of_study_reverse	472
/government/government_office_category/officeholders./government/government_position_held/jurisdiction_of_office	473
